<?xml version="1.0" encoding="utf-8" ?>
<!DOCTYPE article PUBLIC "-//NLM//DTD JATS (Z39.96) Journal Archiving
and Interchange DTD v1.2 20190208//EN" "JATS-archivearticle1.dtd">

<article xmlns:mml="http://www.w3.org/1998/Math/MathML" xmlns:xlink="http://www.w3.org/1999/xlink" dtd-version="1.2" article-type="other">

<front>
<journal-meta>
<journal-id></journal-id>

<journal-title-group>
<journal-title>Earth and Space Science</journal-title>
</journal-title-group>
<issn></issn>

<publisher>
<publisher-name></publisher-name>
</publisher>
</journal-meta>


<article-meta>


<title-group>
<article-title>Relatório de autopesquisa do voluntariado</article-title>
</title-group>

<contrib-group>
<contrib contrib-type="author" corresp="yes">
<name>
<surname>Santana Medeiros</surname>
<given-names>Eduardo</given-names>
</name>
<string-name>Eduardo de Santana Medeiros</string-name>

<role vocab="https://credit.niso.org" vocab-term="writing – original
draft" vocab-term-identifier="https://credit.niso.org/contributor-roles/writing-original-draft/">writing</role>
<xref ref-type="aff" rid="aff-1">a</xref>
<xref ref-type="corresp" rid="cor-1">&#x002A;</xref>
</contrib>
</contrib-group>
<aff id="aff-1">
<institution-wrap>
<institution>Editares, ISIC, Juriscons</institution>
</institution-wrap>







</aff>
<author-notes>
<corresp id="cor-1"></corresp>
</author-notes>

<pub-date date-type="pub" publication-format="electronic" iso-8601-date="2025-09-02">
<year>2025</year>
<month>9</month>
<day>2</day>
</pub-date>







<history></history>


<abstract>
<p>This report contains my self-research related to conscienciology
volunteer work.</p>
</abstract>
<kwd-group kwd-group-type="author">
<kwd>Voluntariado</kwd>
<kwd>Conscienciologia</kwd>
<kwd>Autogestão</kwd>
<kwd>Relatório</kwd>
</kwd-group>




</article-meta>

</front>

<body>
<sec id="section">
  <title>0.1 Section</title>
  <p>This is a simple placeholder for the manuscript’s main document
  (<xref alt="Knuth 1984" rid="ref-knuth84" ref-type="bibr">Knuth
  1984</xref>).</p>
  <preformat>[1] 2</preformat>
</sec>
<sec id="instituições">
  <title>1. Instituições</title>
</sec>
<sec id="isic">
  <title>2. ISIC</title>
</sec>
<sec id="juriscon">
  <title>3. Juriscon</title>
</sec>
<sec id="editares">
  <title>4. Editares</title>
  <sec id="atividades">
    <title>4.1 Atividades</title>
    <sec id="cartão-de-crédito">
      <title>4.1.1 Cartão de crédito</title>
    </sec>
  </sec>
  <sec id="ingresso-no-voluntariado">
    <title>4.2 Ingresso no voluntariado</title>
    <p></p>
    <graphic mimetype="image" mime-subtype="png" xlink:href="index_files\figure-jats\mermaid-figure-1.png" />
    <p></p>
  </sec>
  <sec id="nomes-das-pessoas">
    <title>4.3 Nomes das Pessoas</title>
  </sec>
</sec>
<sec id="situações">
  <title>5. Situações</title>
  <p>O que há em situações</p>
  <boxed-text>
  <p><bold>Note</bold></p>
  <p>Privacidade. Os nomes das pessoas foram alterados para manter a
  privacidade.</p>
  <p>Substituição. Para manter uma coerência ao longo do relatório,
  alguns nomes foram substituidos por nomes em Latim.</p>
  </boxed-text>
</sec>
<sec id="section-1">
  <title>6. </title>
  <p></p>
  <graphic mimetype="image" mime-subtype="png" xlink:href="index_files\figure-jats\mermaid-figure-3.png" />
  <p></p>
</sec>
<sec id="linha-do-tempo">
  <title>7. Linha do tempo</title>
  <p></p>
  <graphic mimetype="image" mime-subtype="png" xlink:href="index_files\figure-jats\mermaid-figure-2.png" />
  <p></p>
</sec>
</body>

<back>
<ref-list>
  <title></title>
  <ref id="ref-knuth84">
    <element-citation publication-type="article-journal">
      <person-group person-group-type="author">
        <name><surname>Knuth</surname><given-names>Donald E.</given-names></name>
      </person-group>
      <article-title>Literate programming</article-title>
      <source>Comput. J.</source>
      <publisher-name>Oxford University Press, Inc.</publisher-name>
      <publisher-loc>USA</publisher-loc>
      <year iso-8601-date="1984-05">1984</year><month>05</month>
      <volume>27</volume>
      <issue>2</issue>
      <issn>0010-4620</issn>
      <uri>https://doi.org/10.1093/comjnl/27.2.97</uri>
      <pub-id pub-id-type="doi">10.1093/comjnl/27.2.97</pub-id>
      <fpage>97</fpage>
      <lpage>111</lpage>
    </element-citation>
  </ref>
</ref-list>
</back>

<sub-article article-type="notebook" id="nb-2-nb-article">
<front-stub>
<title-group>
<article-title>Relatório de autopesquisa do voluntariado</article-title>
</title-group>
<contrib-group>
<contrib contrib-type="author" corresp="yes">
<name>
<surname>Santana Medeiros</surname>
<given-names>Eduardo</given-names>
</name>
<string-name>Eduardo de Santana Medeiros</string-name>

<role vocab="https://credit.niso.org" vocab-term="writing – original
draft" vocab-term-identifier="https://credit.niso.org/contributor-roles/writing-original-draft/">writing</role>
<xref ref-type="aff" rid="aff-1-nb-article">a</xref>
<xref ref-type="corresp" rid="cor-1-nb-article">&#x002A;</xref>
</contrib>
</contrib-group>
<aff id="aff-1-nb-article">
<institution-wrap>
<institution>Editares, ISIC, Juriscons</institution>
</institution-wrap>







</aff>
<author-notes>
<corresp id="cor-1-nb-article"></corresp>
</author-notes>
<abstract>
<p>This report contains my self-research related to conscienciology
volunteer work.</p>
</abstract>
</front-stub>

<body>
<sec id="section-nb-article">
  <title>0.1 Section</title>
  <p>This is a simple placeholder for the manuscript’s main document
  (<xref alt="Knuth 1984" rid="ref-knuth84-nb-article" ref-type="bibr">Knuth
  1984</xref>).</p>
  <sec specific-use="notebook-content">
  <code language="r script">1 + 1</code>
  <boxed-text>
    <preformat>[1] 2</preformat>
  </boxed-text>
  </sec>
</sec>
<sec id="instituições-nb-article">
  <title>1. Instituições</title>
</sec>
<sec id="isic-nb-article">
  <title>2. ISIC</title>
</sec>
<sec id="juriscon-nb-article">
  <title>3. Juriscon</title>
</sec>
<sec id="editares-nb-article">
  <title>4. Editares</title>
  <sec id="atividades-nb-article">
    <title>4.1 Atividades</title>
    <sec id="cartão-de-crédito-nb-article">
      <title>4.1.1 Cartão de crédito</title>
    </sec>
  </sec>
  <sec id="ingresso-no-voluntariado-nb-article">
    <title>4.2 Ingresso no voluntariado</title>
    <sec specific-use="notebook-content">
    <p></p>
    <graphic mimetype="image" mime-subtype="png" xlink:href="index_files\figure-jats\mermaid-figure-1.png" />
    <p></p>
    </sec>
  </sec>
  <sec id="nomes-das-pessoas-nb-article">
    <title>4.3 Nomes das Pessoas</title>
  </sec>
</sec>
<sec id="situações-nb-article">
  <title>5. Situações</title>
  <p>O que há em situações</p>
  <boxed-text>
    <disp-quote>
      <p><bold>Note</bold></p>
      <p>Privacidade. Os nomes das pessoas foram alterados para manter a
      privacidade.</p>
      <p>Substituição. Para manter uma coerência ao longo do relatório,
      alguns nomes foram substituidos por nomes em Latim.</p>
    </disp-quote>
  </boxed-text>
</sec>
<sec id="section-1-nb-article">
  <title>6. </title>
  <sec specific-use="notebook-content">
  <p></p>
  <graphic mimetype="image" mime-subtype="png" xlink:href="index_files\figure-jats\mermaid-figure-3.png" />
  <p></p>
  </sec>
</sec>
<sec id="linha-do-tempo-nb-article">
  <title>7. Linha do tempo</title>
  <sec specific-use="notebook-content">
  <p></p>
  <graphic mimetype="image" mime-subtype="png" xlink:href="index_files\figure-jats\mermaid-figure-2.png" />
  <p></p>
  </sec>
</sec>
</body>



<back>
<ref-list>
  <title></title>
  <ref id="ref-knuth84-nb-article">
    <element-citation publication-type="article-journal">
      <person-group person-group-type="author">
        <name><surname>Knuth</surname><given-names>Donald E.</given-names></name>
      </person-group>
      <article-title>Literate programming</article-title>
      <source>Comput. J.</source>
      <publisher-name>Oxford University Press, Inc.</publisher-name>
      <publisher-loc>USA</publisher-loc>
      <year iso-8601-date="1984-05">1984</year><month>05</month>
      <volume>27</volume>
      <issue>2</issue>
      <issn>0010-4620</issn>
      <uri>https://doi.org/10.1093/comjnl/27.2.97</uri>
      <pub-id pub-id-type="doi">10.1093/comjnl/27.2.97</pub-id>
      <fpage>97</fpage>
      <lpage>111</lpage>
    </element-citation>
  </ref>
</ref-list>
</back>


</sub-article>

</article>